<?xml version="1.1" encoding="UTF-8" standalone="no"?>
<databaseChangeLog xmlns="http://www.liquibase.org/xml/ns/dbchangelog"
                   xmlns:xsi="http://www.w3.org/2001/XMLSchema-instance"
                   xsi:schemaLocation="http://www.liquibase.org/xml/ns/dbchangelog
                   http://www.liquibase.org/xml/ns/dbchangelog/dbchangelog-4.1.xsd">
    <changeSet author="Illia Belikau" id="1700557200553-1">
        <createTable tableName="flavour_categories">
            <column name="id" type="BIGINT" autoIncrement="true">
                <constraints nullable="false" primaryKey="true" primaryKeyName="flavour_categories_pkey"/>
            </column>
            <column name="name" type="VARCHAR(100)">
                <constraints nullable="false"/>
            </column>
            <column name="description" type="VARCHAR(150)">
                <constraints nullable="false"/>
            </column>
        </createTable>
    </changeSet>
    <changeSet author="Illia Belikau" id="1700557200553-2">
        <createTable tableName="product">
            <column name="id" type="BIGINT" autoIncrement="true">
                <constraints nullable="false" primaryKey="true" primaryKeyName="product_pkey"/>
            </column>
            <column name="name" type="VARCHAR(100)">
                <constraints nullable="false"/>
            </column>
            <column name="category_id" type="BIGINT">
                <constraints nullable="false"/>
            </column>
            <column name="price" type="numeric(10, 2)">
                <constraints nullable="false"/>
            </column>
        </createTable>
    </changeSet>
    <changeSet author="Illia Belikau" id="1700557200553-3">
        <createTable tableName="client">
            <column name="id" type="BIGINT" autoIncrement="true">
                <constraints nullable="false" primaryKey="true" primaryKeyName="client_pkey"/>
            </column>
            <column name="name" type="VARCHAR(100)">
                <constraints nullable="false"/>
            </column>
            <column name="surname" type="VARCHAR(100)">
                <constraints nullable="false"/>
            </column>
            <column name="username" type="VARCHAR(100)">
                <constraints nullable="false"/>
            </column>
            <column name="password" type="VARCHAR(100)">
                <constraints nullable="false"/>
            </column>
            <column name="email" type="VARCHAR(100)">
                <constraints nullable="false"/>
            </column>
            <column name="address" type="VARCHAR(100)">
                <constraints nullable="false"/>
            </column>
            <column name="country" type="VARCHAR(100)">
                <constraints nullable="false"/>
            </column>
            <column name="phone_number" type="VARCHAR(100)">
                <constraints nullable="false"/>
            </column>
            <column name="role" type="VARCHAR(100)">
                <constraints nullable="false"/>
            </column>
            <column name="blocked" type="BOOLEAN">
                <constraints nullable="false"/>
            </column>
        </createTable>
    </changeSet>
    <changeSet author="Illia Belikau" id="1700557200553-4">
        <createTable tableName="orders">
            <column name="id" type="BIGINT" autoIncrement="true">
                <constraints nullable="false" primaryKey="true" primaryKeyName="orders_pkey"/>
            </column>
            <column name="client_id" type="BIGINT">
                <constraints nullable="false"/>
            </column>
            <column name="order_date" type="date">
                <constraints nullable="false"/>
            </column>
            <column name="status" type="VARCHAR(100)">
                <constraints nullable="false"/>
            </column>
            <column name="comment" type="VARCHAR(250)">
                <constraints nullable="false"/>
            </column>
        </createTable>
    </changeSet>
    <changeSet author="Illia Belikau" id="1700557200553-5">
        <createTable tableName="orders_details">
            <column name="id" type="BIGINT" autoIncrement="true">
                <constraints nullable="false" primaryKey="true" primaryKeyName="orders_details_pkey"/>
            </column>
            <column name="orders_id" type="BIGINT">
                <constraints nullable="false"/>
            </column>
            <column name="product_id" type="BIGINT">
                <constraints nullable="false"/>
            </column>
            <column name="quantity" type="BIGINT">
                <constraints nullable="false"/>
            </column>
            <column name="total_price" type="numeric(10, 2)">
                <constraints nullable="false"/>
            </column>
        </createTable>
    </changeSet>
    <changeSet author="Illia Belikau" id="1700557200553-10">
        <createTable tableName="admin">
            <column name="id" type="BIGINT" autoIncrement="true">
                <constraints nullable="false" primaryKey="true" primaryKeyName="admin_pkey"/>
            </column>
            <column name="username" type="VARCHAR(100)">
                <constraints nullable="false"/>
            </column>
            <column name="password" type="VARCHAR(100)">
                <constraints nullable="false"/>
            </column>
            <column name="role" type="VARCHAR(100)">
                <constraints nullable="false"/>
            </column>
        </createTable>
    </changeSet>
    <changeSet author="Illia Belikau" id="1700557200553-6">
        <addForeignKeyConstraint baseColumnNames="category_id" baseTableName="product" constraintName="category_id_fk"
                                 deferrable="false" initiallyDeferred="false" onDelete="NO ACTION" onUpdate="NO ACTION"
                                 referencedColumnNames="id" referencedTableName="flavour_categories" validate="true"/>
    </changeSet>
    <changeSet author="Illia Belikau" id="1700557200553-7">
        <addForeignKeyConstraint baseColumnNames="client_id" baseTableName="orders" constraintName="client_id"
                                 deferrable="false" initiallyDeferred="false" onDelete="NO ACTION" onUpdate="NO ACTION"
                                 referencedColumnNames="id" referencedTableName="client" validate="true"/>
    </changeSet>
    <changeSet author="Illia Belikau" id="1700557200553-8">
        <addForeignKeyConstraint baseColumnNames="orders_id" baseTableName="orders_details"
                                 constraintName="orders_id_fk" deferrable="false" initiallyDeferred="false"
                                 onDelete="NO ACTION" onUpdate="NO ACTION" referencedColumnNames="id"
                                 referencedTableName="orders" validate="true"/>
    </changeSet>
    <changeSet author="Illia Belikau" id="1700557200553-9">
        <addForeignKeyConstraint baseColumnNames="product_id" baseTableName="orders_details"
                                 constraintName="product_id_fk" deferrable="false" initiallyDeferred="false"
                                 onDelete="NO ACTION" onUpdate="NO ACTION" referencedColumnNames="id"
                                 referencedTableName="product" validate="true"/>
    </changeSet>
</databaseChangeLog>